Rat_external_gene_name_b38_Astrocyte,Rat_external_gene_name_b38_Microglia,Rat_external_gene_name_b38_Oligo,Rat_external_gene_name_b38_Endothelial,Rat_external_gene_name_b38_GabaPV,Rat_external_gene_name_b38_GabaRelnCalb,Rat_external_gene_name_b38_GabaVIPReln,Rat_external_gene_name_b38_Microglia_activation,Rat_external_gene_name_b38_Microglia_deactivation,Rat_external_gene_name_b38_OligoPrecursors,Rat_external_gene_name_b38_Pyramidal
Ttyh1,AABR07054266.1,Nkx6-2,Pglyrp1,Gpr176,Prokr2,Bglap,Il4r,Lrrk1,Ppp1r14b,Sv2b
Slc7a10,SNORD22,D7Ertd443e,Spc25,Zfp804a,Tnni3k,Snora23,Ccdc86,Cd33,Pold1,Neurod6
Cd44,Rin2,Fign,Ltbp4,Cartpt,Nmbr,Vip,Cd53,Dok1,Adamtsl3,Rasgef1a
Hapln1,Tagap,Tprn,Ret,Cox6a2,Rxfp3,Npas1,P2ry6,Irak2,Dpyd,Ipcef1
Bglap,AABR07000631.1,Scd2,Snord35b,Pip5kl1,Fibcd1,Crh,Ms4a6a,S100a8,Dll1,Slc17a7
Slc1a2,Il21r,Aven,Atp10a,Kcnc1,Moxd1,Chrna7,Il1a,Clec4a3,Lpcat1,Itpka
Fjx1,Zfp619,Chn2,Bub1b,Kcnmb2,Sfrp2,Sorcs3,Spint1,Lpxn,Cftr,Tiam2
Npdc1,Fyb1,Gss,She,Mme,Dmrt2,AC111647.1,Trim30c,Tspan32,Pabpc4l,Pcsk2
Akt2,Ctss,Ermn,Podxl,Wif1,Gal,Bpifb6,Ms4a6bl,S100a9,Cep41,Ttc9b
Ezr,Igsf6,AC126960.1,Trim34,Gpnmb,Cdh4,Noxred1,Il17ra,Siglech,Matn4,Glt8d2
Kirrel2,AABR07002774.1,Adamtsl4,Egfl7,Lrrc38,Pdyn,Cnr1,Mcl1,Hhex,Cdc14a,Neurod1
Exd1,AC135826.1,Mal,Stom,Gpr83,Lsmem1,Tac3,AABR07005779.1,Pmepa1,Slc5a11,Dnajb5
S1pr1,Naip5,Rnf13,Iqgap1,Tcap,RGD1311744,Egln3,Mvp,Tcirg1,S100a3,Phf24
Fam181b,Phyhd1,Sgk2,Nostrin,Erbb4,Elfn1,Cyct,Zfp36,Tubgcp5,Actr5,Tbr1
Cyp7b1,Irf5,Klk6,Pltp,Gabrd,Sst,Gpr135,Rela,Ebf3,Sema3d,Fam131a
Slc25a18,Fes,Ccp110,Lsr,Ostn,Oxtr,Slc44a5,Frrs1,Sirpa,Pde1c,Arhgap32
Gstm1,Cttnbp2nl,Dhfr,Thbd,Slit2,Cacng5,RGD1560559,Cep152,Arhgap17,Fam71f2,Nptx1
F3,Rrbp1,Myrf,Myct1,Btn2a2,Nppc,Htr3b,Tlr2,Samhd1,Hps1,Ptk2b
Lpin3,Spi1,Bpgm,Cd93,Ngf,Shisa6,Mdh1b,Fgl2,Camk1,Shc4,Baiap2
Tril,Pon3,Kndc1,Cxcl12,Adamts15,Calb2,Zfp618,Il6,Capn3,Acan,Rnf112
Crot,Tfpi,Spart,Tm4sf1,Cacna2d2,Hpse,Slc10a4,Vasp,Pycard,Ap5b1,Fhl2
Lgr4,M1ap,Ada,Adgrl4,Tmem132c,Tmtc4,Sp8,Csf2rb,Ctsd,Cercam,Satb2
Kctd14,Chst14,Sirt2,Anxa4,Inpp5j,,Htr3a,Cebpb,Plcb2,Fosb,Rprml
Nr1h3,Tgfb1,Cntf,Hmgcs2,,,Sln,Glipr1,Tmem140,Fzd1,Rgs14
Ucp3,Soga1,Gng8,Emcn,,,Chrna3,C1qb,Abl1,Hells,Nrgn
Vav3,Gvin1,Arrdc3,Aurka,,,Gldn,Slco4a1,Det1,Rad51,Syt16
Sdc4,Ccdc88b,Josd2,Gstm6l,,,Serpina3m,Tpm3,Klk8,E2f8,Kcnv1
Pcsk6,Sqor,Srd5a1,Mcub,,,Serpina3c,B4galt1,Tnni2,Rnf180,Myl4
Olr198,Dapp1,Dbndd2,Wwtr1,,,Serpina3n,Ncf4,Unc93b1,Cpa4,Stx1a
Olr199,C3ar1,Cdc42ep2,Pdlim5,,,Mir374b,Hck,Bank1,Rhcg,Zfyve28
Pax6,Card9,Pde8a,Angptl2,,,Kit,Plk3,Il16,Vcan,Nrn1
Vcam1,Gmfg,Trim59,Abcb1b,,,Tnfaip8l3,Ccnl1,Heca,Lhfpl3,Cnksr2
Lhx2,Apobec1,Cldn11,Sigirr,,,Pnoc,C1qa,Cd177,Adam12,
Mfge8,Rnaset2,Mag,Eng,,,Rgn,Slc15a3,Snx5,Col9a3,
A2m,Tent5c,Taldo1,Egflam,,,Clnk,Ms4a6b,Ttf2,Sfn,
Papss2,Sipa1,Desi1,Bcl2l12,,,Agtr1a,Rac2,Rbl1,Rassf8,
Gldc,Fcrl2,Ankub1,Utrn,,,Nectin3,Oas1a,Hpgds,Lgals2,
Nat8f5,Lilrb4,Fnbp1,Vwf,,,Ribc1,Oas1k,Clec7a,Muc1,
Eva1a,Pag1,Mob3b,Arhgap29,,,Crispld2,Lefty1,Blnk,Myt1,
Nat8f2,Ifngr1,Nkain1,Cd40,,,Aff3,Rhoh,Gna15,Cpxm1,
Nat8f4,Hk2,S1pr5,Sgms1,,,Cplx3,Tp53bp2,Tifa,Slc2a12,
Sema4b,Sfxn2,Pkd2l1,Nos3,,,Sncg,Ccl2,Myo1f,Col24a1,
Emx2,B2m,Fam83d,Tmem252,,,Agtr2,Stk40,Plxnb2,Ezh2,
Ccn1,Ppp1r15a,Elovl7,Cast,,,,AC141169.3,Mfng,Bub1,
Pdk4,Il6r,Tmem125,Xdh,,,,Nfkbiz,Fam78a,Bmp7,
Lix1,C5ar2,Thbs3,Clec14a,,,,Icam1,Arhgdib,Galnt3,
Slc1a3,C1rl,Nfe2l3,Itga1,,,,RGD1563917,Cd180,Rmdn2,
Aass,Cd37,Cers2,Fgd5,,,,Npl,Ptpn6,Plekhg6,
Nat8,Erap1,Gstp1,Anxa1,,,,Runx1,Lrba,Wipf1,
Ppara,Ehd4,Tex52,Slc22a8,,,,Heatr1,Hexb,Smoc1,
Apoc3,Plekho1,Gsn,Osmr,,,,Pik3r5,Lair1,Chadl,
Cyp2d4,Tnfaip8l2,Ppp1r14a,Zbtb46,,,,Hlx,Pnrc1,Ncmap,
Slco1c1,Adora3,AABR07006871.1,Uaca,,,,Tnf,Tnfrsf1b,C1qtnf6,
Serhl2,Siglec5,Polr3e,AABR07053516.1,,,,Plek,Rps6ka1,Slc6a19,
Sfxn5,Serinc3,Cyp2j10,Emp1,,,,Myc,Cytip,Traf1,
Oplah,Il7r,Grb14,Map3k20,,,,Mlph,Rasl2-9,Sema5b,
Nrarp,Itgam,Ctsk,Slc6a6,,,,Cxcl16,Khk,Scp2,
Tst,C1qc,Pcbp4,Flvcr2,,,,Btg1,Ttc7a,Rtl4,
Chp2,Ctsz,AABR07069837.1,Ecm1,,,,Bcl2a1,Pik3cg,Spsb4,
Ntsr2,Clec5a,RGD1562660,Lef1,,,,Ier3,Irag2,Inhbc,
Slco1b2,Cd52,Arhgef10,Slc52a3,,,,Lcp2,Mpeg1,Plxna3,
Gpam,AABR07006111.1,Slc44a1,Hrct1,,,,Myd88,Parvg,Chaf1b,
Rpe65,Fcgr1a,Jpt2,H6pd,,,,Zfp455,Pld1,Mkrn3,
Nat8b,AABR07061187.1,Kctd13,Gimap5,,,,Ncf1,Aif1,Chst11,
Nat8f1,Rnu11,Nmral1,Ahnak,,,,Nrm,Heatr5a,Chst5,
Sycp2,AC128402.1,Eml1,Apold1,,,,Nfkbie,Tgfbi,Bricd5,
Fxyd1,Rab19,Nipal4,Ptprb,,,,Serpine1,Pld4,Cdo1,
Cyp4f1,Ggta1,Pik3c2b,Map3k6,,,,Casp4,Eno3,Slc25a29,
Arhgef26,Tmem219,Adi1,Degs2,,,,Sla,Lyz2,Catsperd,
Cth,Tbxas1,Plekhg3,Rnf125,,,,Rnasel,Lsp1,Nt5dc1,
Eps8,Tor4a,Gpr62,Ppic,,,,Cd86,Mcat,Fdxr,
Syde2,Pik3cd,Sprtn,Col4a3,,,,AC120949.4,P2ry13,Mapk7,
Lgi4,Ptgs1,Defb41,St6galnac2,,,,Tubb6,Tlr5,Tmem132e,
Igdcc4,Rab43,Prr5l,Rgs5,,,,Ccl4,Cmtm7,Adam9,
Pygb,Ly96,Prima1,Tns1,,,,Sh2b2,Trim47,Mc5r,
Paqr7,Psd4,Tnni1,Crip1,,,,Osbpl11,Scarf2,Ly6g6d,
Ghr,Skap2,Cnmd,Ephb4,,,,Ccl9,Arhgap4,Abtb2,
Or10ad1,Rbm39,Mobp,Fzd6,,,,Rab3il1,Themis2,Tnfrsf11b,
Agl,Leng1,Carhsp1,Acvrl1,,,,Ccl12,Tnfrsf13b,Slc25a30,
Bmpr1b,Lag3,Insc,Gpr182,,,,Per1,Cd48,Creb3l3,
Vnn1,Usp50,Pex5l,Flt4,,,,Ncf2,Arhgap9,Krt17,
Wnt7b,Pdgfb,Aspa,Arhgap6,,,,Vav1,Ltf,Slc7a2,
Cfap100,Hcst,Efhd1,Tinagl1,,,,Mob3a,Upk1b,Gpt2,
Gstm3,Tyrobp,Tmeff1,Igtp,,,,Rnf19b,Traf3ip3,Shmt1,
Vit,Rcor1,Sec14l5,Cavin2,,,,Snord83b,Man2b1,Zfp458,
3110082J24Rik,Nfkb1,Tppp3,Pecam1,,,,Ccnyl1,Cd84,Odf3l1,
Klf15,Grk2,Hapln2,Kdr,,,,Cxcl2,Daglb,Fbn2,
Alpk1,Cntrl,Fbxw12,Rflnb,,,,Ppp1r3b,Ivns1abp,Creb3l1,
Slc4a4,Fez2,Itgb4,Dock6,,,,Samsn1,Elk3,B3gnt5,
Smim3,Rgs19,Slc48a1,Pdgfd,,,,Rrad,Rasa4,Rnf43,
Tlcd1,Gcnt1,Slc26a11,Dennd3,,,,Tlr7,P2ry12,Fam114a1l1,
Nphp3,NEWGENE_735020,Wnt3,Tmem123,,,,Jmjd1c,Frmd4b,Fam114a1,
Dennd4c,Lrrc34,Il17rb,Cnn2,,,,Ifi30,Gpr34,Trim16,
Slc41a1,Otulinl,Myo1d,Prom1,,,,Rbm47,Col27a1,Frmd7,
Grin2c,Gp9,Wipi1,Hspb1,,,,Fcgr2a,Smpdl3b,Boll,
Bdh2,Klrd1,Ado,Esam,,,,Cd83,Dock8,Ampd3,
Itga7,Itpr2,Mog,Myl12a,,,,Fcer1g,Tnfrsf17,Otos,
Aqp9,Epb41l2,Tmem88b,Ifi47,,,,Ccr5,Abi3,Plod2,
Slc6a11,Fermt3,Plekhh1,AABR07040864.1,,,,Smad4,Tlr4,Ocel1,
Msmo1,Abhd15,Cldn14,Adgrf5,,,,Bach1,Inpp5d,Zfp423,
Acot11,Tmem106a,Slc12a2,Clic5,,,,Tpp2,Ngp,Tmco4,
Scara3,Abca1,Kif6,Slc9a3r2,,,,Cd74,Nfam1,Zfp521,
Prkd1,Stat6,RGD1561796,Plscr4,,,,Tlr6,Slc16a6,Erbb3,
Sdsl,Pla2g4a,Lrrc46,Kank3,,,,Ninj1,AABR07066379.1,Neu4,
Ddo,Kng1,Gamt,Ifi44,,,,Mlxip,MGC116197,1810010H24Rik,
Gli2,Kng2l1,Adamtsl1,Tns2,,,,Map3k8,AABR07066700.1,Abca6,
Slc39a12,Casp8,Tmem81,Tek,,,,Rab20,Spetex-2G,Tdrd7,
Slc15a2,RGD1305350,Ugt8,Rbms2,,,,Cxcl10,Spetex-2E,Snx22,
Atp13a4,Pla2g15,Tmem98,Depp1,,,,Fcgr3a,Spetex-2C,Kcnh8,
Olr1075,Pds5a,Lpar1,Slc35f2,,,,Hfe,Abca9,Slc35b2,
Egfr,Grn,Sp7,Igfbp7,,,,Syk,Hps3,Pmel,
Fzd7,Pde3b,Gltp,RGD1565166,,,,Cd14,Cmtm6,Asxl3,
Tp63,Akna,Ccdc89,Smagp,,,,Fcgr2b,Rgs2,Capn11,
Epo,AABR07035839.1,Map6d1,Nod1,,,,,Ctc1,Ntn1,
Aldh1l1,Ebi3,Gjc2,Gata2,,,,,Slc25a37,C1ql1,
Zbtb20,Plcg2,Gjb1,Klf2,,,,,Lst1,Pxn,
Spag1,Rubcnl,AABR07068905.1,Icam2,,,,,Cx3cr1,Cavin4,
Egfl6,Havcr2,Cep97,Vtn,,,,,Il10ra,Evi5l,
Fads2,AABR07029272.1,St18,Robo4,,,,,Tgif1,Rrm2,
Nr2e1,Cyba,Tspan2,Nxn,,,,,Csf1r,Lpo,
Prodh1,Ccl3,Ano4,Slc16a4,,,,,Tifab,Traf4,
2810459M11Rik,Entpd1,Pdlim2,Rhoj,,,,,Snx20,Srebf1,
Mlc1,Sh3tc1,Plpp2,Gjc1,,,,,Fmnl3,Stk32a,
Igfbp5,Lyn,Wrap53,Rassf9,,,,,RGD1559575,Itga9,
AABR07058899.1,Mir142,Gal3st1,Lamb2,,,,,RT1-Ba,Lad1,
AABR07045370.1,Sh2d4b,Anln,Sox13,,,,,Csk,Itgb8,
AC107580.1,AABR07066379.1,AABR07043429.1,Tbx3,,,,,Olfml3,Rgs9,
Lonrf3,MGC116197,Enpp6,Layn,,,,,Cotl1,AABR07066529.1,
Tmem51,AABR07066700.1,Slain1,Stard8,,,,,Slc2a5,Ccdc30,
Dio2,Spetex-2G,Abhd5,Ccl19,,,,,Gal3st4,Nckap5,
Sox9,Spetex-2E,Ccdc13,AABR07026805.2,,,,,Tgfbr1,Ca8,
Calr4,Spetex-2C,Fa2h,S100a11,,,,,Ptafr,Epn2,
Elovl5,Nckap1l,Hhip,Mecom,,,,,Trim65,Armh4,
Olfr287,Galnt10,Ankrd28,Slc19a3,,,,,Camp,Cd70,
Sohlh2,Trpv2,Sema6a,Esyt1,,,,,Uba7,AABR07007068.1,
Fam20a,Crybb1,Rtkn2,Polh,,,,,Tec,Vipr2,
Epx,Gns,AABR07044900.1,Tpm4,,,,,Cryba4,Gm2a,
Olr200,Myl2,RGD1563888,St8sia6,,,,,Ptpn18,Mcm3,
Fgd6,Lgals9,Lgi3,Gstt2,,,,,Lyl1,Nradd,
St3gal4,Lgals5,Pllp,Cdc45,,,,,Slc37a2,Plekho2,
Maob,Clic1,Kif13b,Oasl2,,,,,Cd79b,Slc13a5,
Add3,Tex12,Qdpr,Pdgfrb,,,,,Vamp8,AABR07030861.1,
Prelp,Ptprc,Dock5,Fn1,,,,,Edem1,C1ql2,
Slc27a1,Dusp6,Mbp,Cgnl1,,,,,Pfkfb4,Amigo3,
Trps1,Arrb2,Adamts4,MGC108823,,,,,AABR07028997.1,Papss1,
Agt,AABR07067138.1,AABR07030143.1,Unc45b,,,,,Abcc3,Melk,
Grhl1,AABR07030599.1,,Il1r1,,,,,Galnt12,Dna2,
RGD1309028,Cd80,,Vcl,,,,,Lgmn,Fignl1,
Prr5,Ier2,,Paqr5,,,,,Btk,Cenpj,
Sox21,Gmip,,Foxq1,,,,,Guca1a,Emid1,
F2rl3,Ccl9,,Cdh5,,,,,Ppfia4,Vps37b,
Appl2,Cklf,,Castor1,,,,,Batf3,Mcm5,
Atp1b2,Srgap2,,Tgfbr3,,,,,Csf3r,Pcyox1l,
Cyp2j4,Rp2,,Edn1,,,,,Ang2,Klhl5,
Fgfrl1,Slc11a1,,Rbpms,,,,,Trem2,Derl3,
Dok7,Rgs1,,Nid2,,,,,Rnase6,Zeb1,
Lcat,Il13ra1,,Mmrn2,,,,,Atf3,Fam89a,
Tmem52,Dok3,,Gbp6,,,,,Hk3,Cmtr2,
Tmem47,Chi3l3,,Atp10d,,,,,Laptm5,Gins2,
Ndrg2,Ptgr1,,AABR07028488.1,,,,,Hvcn1,Slitrk6,
Gm17660,Lrch4,,AC117299.1,,,,,Evl,Angptl1,
Ndp,Epsti1,,Foxc1,,,,,Lrrc3,Pcdh15,
Hopx,Nlrp3,,Col4a1,,,,,Atp8a2,Eri1,
Acat2,Cryba1,,Adgre5,,,,,Ndst2,Hr,
Acat2l1,Ankrd44,,Flt1,,,,,Mylip,Scel,
Sctr,Nlrp1a,,Nid1,,,,,Slc15a4,Pabpc5,
Lpp,AABR07029890.1,,Slc38a5,,,,,Prkcd,Fzd9,
Oaf,Nagpa,,Zic3,,,,,Psmb9,Nectin4,
Ppp1r3c,Mir3582,,Lats2,,,,,Adrb2,Mc4r,
Paqr8,Cradd,,Slfn2,,,,,Scamp2,Tnr,
Lfng,Tlcd2,,Sox7,,,,,Sec16b,Sfmbt2,
Tekt1,Slc24a1,,4930523C07Rik,,,,,Gpr183,Kctd12b,
Rfx2,Vwa5a,,,,,,,RT1-DMa,Gpr82,
Stag3,Adgre1,,,,,,,Fgd2,Bmp4,
AABR07029596.1,Btg2,,,,,,,Arap3,F8,
Phka1,Klf6,,,,,,,Hpgd,Htra3,
Cyp4f4,Fam91a1,,,,,,,Slamf9,Neil3,
Pex11g,Frmd4a,,,,,,,Selplg,,
Gramd2b,Mettl7a,,,,,,,Dhtkd1,,
Sugct,Cfh,,,,,,,Myo1g,,
Fzd2,Ppcdc,,,,,,,Rreb1,,
Upp1,Rnase4,,,,,,,Naglu,,
AB124611,6030468B19Rik,,,,,,,Afp,,
Tfcp2l1,Adam17,,,,,,,Abcd1,,
Plxnb1,Plxdc2,,,,,,,Tmem119,,
Slc12a4,Hcls1,,,,,,,Bin1,,
Pla2g7,Cyth4,,,,,,,Irf8,,
Chrdl1,Casp1,,,,,,,Lrrc25,,
Dhrs11,Adgre4,,,,,,,AABR07024439.1,,
Ccdc69,AABR07029581.1,,,,,,,Sema4d,,
Rftn2,Lcp1,,,,,,,Lat2,,
Gabrg1,Nrros,,,,,,,Dock11,,
Lrrc9,AABR07030793.1,,,,,,,Arl11,,
Chst2,Cd300a,,,,,,,Susd3,,
Clu,RGD1559482,,,,,,,Vrk2,,
Gramd1c,AABR07030773.1,,,,,,,RT1-DOb,,
Aldh6a1,RGD1562667,,,,,,,Tnfsf13b,,
Ptch1,Arhgap45,,,,,,,,,
Nwd1,Rassf5,,,,,,,,,
RGD1562029,Rnase12,,,,,,,,,
Plcd4,Ccrl2,,,,,,,,,
Gdf10,Ier5,,,,,,,,,
Acsl6,Msn,,,,,,,,,
Aox1,Dennd1c,,,,,,,,,
Soat1,Cables1,,,,,,,,,
Retsat,RGD1305464,,,,,,,,,
Shpk,Gusb,,,,,,,,,
Adhfe1,Uchl3,,,,,,,,,
Gpld1,RT1-DMb,,,,,,,,,
Btbd17,Mrc1,,,,,,,,,
Glipr2,Tcn2,,,,,,,,,
Abhd3,Itgb2,,,,,,,,,
Ccdc80,RT1-CE16,,,,,,,,,
Acsbg1,RT1-CE14,,,,,,,,,
Etnppl,RT1-CE11,,,,,,,,,
Snord8,AABR07044383.1,,,,,,,,,
Slc38a3,RT1-CE2,,,,,,,,,
Ddhd1,RT1-CE1,,,,,,,,,
Utp14b,Reep4,,,,,,,,,
Gjb6,Alox5ap,,,,,,,,,
Cbs,AABR07024439.1,,,,,,,,,
Dtna,Ripk3,,,,,,,,,
Ugp2,Tapbp,,,,,,,,,
Znrf3,Nhlrc1,,,,,,,,,
Acaa2,RT1-DOa,,,,,,,,,
Sorcs2,Myo18b,,,,,,,,,
Slc14a1,Spata46,,,,,,,,,
Taf4b,Adap2,,,,,,,,,
Smpd2,Arhgap30,,,,,,,,,
Ppil6,Stab1,,,,,,,,,
Zic5,F11r,,,,,,,,,
Fmo1,Tlr1,,,,,,,,,
Naprt,Slc7a7,,,,,,,,,
Aqp4,Cysltr1,,,,,,,,,
Glud1,Sash3,,,,,,,,,
Elovl2,Dnajb1,,,,,,,,,
Mettl11b,Ntpcr,,,,,,,,,
Ntrk2,Phf11b,,,,,,,,,
Atp1a2,Phf11,,,,,,,,,
Prdx6,Tap2,,,,,,,,,
Pxmp2,Herpud1,,,,,,,,,
Acsl3,Pald1,,,,,,,,,
Gli3,Cmklr1,,,,,,,,,
Psd2,Golm1,,,,,,,,,
Cldn10,Zfp90,,,,,,,,,
Ccdc190,Ly86,,,,,,,,,
Mmp14,Srrd,,,,,,,,,
Phkg1,Rel,,,,,,,,,
Slc1a4,Zfhx3,,,,,,,,,
Dmp1,Zbtb37,,,,,,,,,
Fkbp10,Pros1,,,,,,,,,
Fgfr3,Spata13,,,,,,,,,
Gfap,Gpsm3,,,,,,,,,
Cideb,Hcar2,,,,,,,,,
Smpdl3a,F9,,,,,,,,,
Otx1,Smad7,,,,,,,,,
Id4,Mgat4a,,,,,,,,,
Ttpa,Creg1,,,,,,,,,
Naaa,,,,,,,,,,
Abcb9,,,,,,,,,,
